{
    "loss": 1.643829107284546,
    "accuracy": 0.8417266011238098
}